,SCORE1,SCORE2,SCORE3,SCORE4,SCORE5
M44,-1.465365314,0.753504912,-2.063346866,-1.79619317,1.72932099
M16,3.20063179,0.151186042,-0.04117626,2.517844402,0.949679717
M7,2.117707554,-1.106548802,-0.615836313,2.204899372,0.951886538
M6,1.049627416,2.638557129,3.500141352,0.585680337,2.764321481
M39,3.019979031,0.937735108,-2.023706222,0.797272079,0.632669341
M30,2.579024464,1.140033127,-2.669215481,-0.31480508,1.186678247
M48,-1.156098773,3.05850243,0.32727412,-0.411474914,1.173775771
M41,-2.634386714,0.116159694,-0.554233551,1.128497114,1.070218662
M12,2.108117493,0.25877603,-1.213885574,-0.700514802,0.121291187
M35,2.326902124,-0.34418811,1.099242121,-1.570559208,1.731409252
M18,1.739087067,-2.293202467,1.23620969,-0.20758161,-0.12602013
M23,0.775877295,3.125089408,2.142037753,2.471168914,1.080713728
M31,2.834290374,0.45012193,-0.714539075,0.90974353,0.185689119
M25,2.086188437,-1.22386272,-0.570171901,-1.154854586,-0.124744593
M20,2.003808181,-1.465489466,-0.566444728,-1.214730027,0.231112414
M17,2.477558152,-0.824002257,-3.021778667,1.093599797,0.859696752
M4,-3.047178053,-0.196537911,-0.829400166,-1.535264295,0.22642187
M40,-2.250756294,1.150133501,-0.89293164,1.148139377,-1.012654443
M29,-3.304104721,0.108290824,-0.175975199,-0.338829827,-1.221532839
M15,-3.504060461,-0.946130189,-1.045529663,-0.510912712,0.468536382
M21,2.508650057,-0.934658968,-0.478215258,-1.023735014,0.476453174
M8,0.703350604,-2.870369336,-1.886275612,1.519025809,1.287379416
M37,-2.878168911,-0.938121851,-0.104208994,1.388396935,-0.170291764
M5,-2.909779782,-0.302531705,-0.533746269,-1.372219381,-0.713550469
M14,1.834366972,-1.25858108,0.084548174,1.971635612,-0.530881407
M24,1.161451146,1.273139054,1.725156673,0.799313539,-2.05810629
M26,-2.71322492,-0.803933576,-0.340641226,-1.127534504,-0.494280277
M27,-2.902154751,-0.948332474,-0.222121502,0.667378302,0.340080617
M28,-3.284521905,-0.505139707,-0.97087422,-0.078925364,-0.446129348
M3,-2.388617837,-1.540179639,-0.285336428,0.611596704,0.202298794
M2,-1.161881324,0.694354785,1.467962123,3.252530064,-0.443979994
M45,-0.289835654,-0.275164542,-1.105770794,2.344494902,-1.423207216
M9,-2.469622211,-0.568974365,1.051844254,0.565680203,-0.850278281
M19,0.283749603,1.642443601,1.157530961,-1.48923404,-2.240984483
M46,-0.947177093,3.280328332,0.410762872,1.662602824,-1.674171261
M36,1.284973648,1.750766309,-2.759667442,-0.217696889,-0.991437468
M47,-0.163992462,-0.282778047,3.385836834,-1.628424315,0.370436226
M33,1.256343166,1.075130942,1.027962891,-0.334253354,-2.629862526
M10,1.35667997,0.599190285,-2.502311666,-1.995085853,-0.466554647
M43,-1.27147978,-0.205512378,1.579314184,-2.240875097,-1.229356672
M38,2.139532048,-1.873086459,-0.18345391,1.157481897,-1.544386984
